month,cpi_date,CPI,inflation_rate_pct,Open,High,Low,Close,Volume,sp500_return_pct
2000-02,2000-02-01,169.8,0.5924170616113722,1394.4599609375,1444.550048828125,1325.0699462890625,1366.4200439453125,20912000000,-2.0108083256356934
2000-03,2000-03-01,171.2,0.8244994110718329,1366.4200439453125,1552.8699951171875,1346.6199951171875,1498.5799560546875,26156200000,9.671982835364812
2000-04,2000-04-01,171.3,0.05841121495329116,1498.5799560546875,1527.18994140625,1339.4000244140625,1452.4300537109375,20106460000,-3.0795755780191336
2000-05,2000-05-01,171.5,0.11675423234092097,1452.4300537109375,1481.510009765625,1361.0899658203125,1420.5999755859375,19898300000,-2.1915050603417807
2000-06,2000-06-01,172.4,0.5247813411078717,1420.5999755859375,1488.9300537109375,1420.5999755859375,1454.5999755859375,21738300000,2.3933549615877237
2000-07,2000-07-01,172.8,0.23201856148491462,1454.5999755859375,1517.3199462890625,1413.8900146484375,1430.8299560546875,19089100000,-1.6341275904170893
2000-08,2000-08-01,172.8,0.0,1430.8299560546875,1525.2099609375,1425.4300537109375,1517.6800537109375,20363700000,6.069910494167097
2000-09,2000-09-01,173.7,0.5208333333333259,1517.6800537109375,1530.0899658203125,1419.43994140625,1436.510009765625,20838300000,-5.3482974719764265
2000-10,2000-10-01,174.0,0.17271157167531026,1436.52001953125,1454.8199462890625,1305.7900390625,1429.4000244140625,25951400000,-0.49494854217706497
2000-11,2000-11-01,174.1,0.057471264367814356,1429.4000244140625,1438.4599609375,1294.9000244140625,1314.949951171875,20532300000,-8.006861010730892
2000-12,2000-12-01,174.0,-0.057438253877073464,1314.949951171875,1389.050048828125,1254.0699462890625,1320.280029296875,23610800000,0.40534456237286687
2001-01,2001-01-01,175.1,0.6321839080459801,1320.280029296875,1383.3699951171875,1274.6199951171875,1366.010009765625,27829800000,3.4636576676164488
2001-02,2001-02-01,175.8,0.3997715591090856,1366.010009765625,1376.3800048828125,1215.43994140625,1239.93994140625,21644400000,-9.229073539585963
2001-03,2001-03-01,176.2,0.22753128555175195,1239.93994140625,1267.4200439453125,1081.18994140625,1160.3299560546875,27806610000,-6.420471080339151
2001-04,2001-04-01,176.9,0.39727582292850006,1160.3299560546875,1269.300048828125,1091.989990234375,1249.4599609375,25409990000,7.681436165439459
2001-05,2001-05-01,177.7,0.45223289994347216,1249.4599609375,1315.9300537109375,1232.0,1255.8199462890625,24525900000,0.5090187401275648
2001-06,2001-06-01,178.0,0.16882386043894915,1255.8199462890625,1286.6199951171875,1203.030029296875,1224.3800048828125,24748030000,-2.503538942756467
2001-07,2001-07-01,177.5,-0.2808988764044895,1224.4200439453125,1239.780029296875,1165.5400390625,1211.22998046875,23793710000,-1.0740149595403703
2001-08,2001-08-01,177.5,0.0,1211.22998046875,1226.27001953125,1124.8699951171875,1133.5799560546875,23359200000,-6.410840688075748
2001-09,2001-09-01,178.3,0.4507042253521165,1133.5799560546875,1155.4000244140625,944.75,1040.93994140625,25025290000,-8.172340570563886
2001-10,2001-10-01,177.7,-0.33651149747617737,1040.93994140625,1110.6099853515625,1026.760009765625,1059.780029296875,29951280000,1.8099111333141016
2001-11,2001-11-01,177.4,-0.16882386043892694,1059.780029296875,1163.3800048828125,1054.31005859375,1139.449951171875,26330000000,7.51759041240454
2001-12,2001-12-01,176.7,-0.3945885005637084,1139.449951171875,1173.6199951171875,1114.530029296875,1148.0799560546875,25128570000,0.7573834088927756
2002-01,2002-01-01,177.1,0.22637238256932868,1148.0799560546875,1176.969970703125,1081.6600341796875,1130.199951171875,29746200000,-1.5573832456979853
2002-02,2002-02-01,177.8,0.39525691699606735,1130.199951171875,1130.199951171875,1074.3599853515625,1106.72998046875,26047600000,-2.0766211039727644
2002-03,2002-03-01,178.8,0.5624296962879693,1106.72998046875,1173.93994140625,1106.72998046875,1147.3900146484375,26563200000,3.6738892862074657
2002-04,2002-04-01,179.8,0.5592841163311046,1147.3900146484375,1147.8399658203125,1063.4599609375,1076.9200439453125,28568900000,-6.141762591921907
2002-05,2002-05-01,179.8,0.0,1076.9200439453125,1106.5899658203125,1048.9599609375,1067.1400146484375,26905500000,-0.9081481352177012
2002-06,2002-06-01,179.9,0.05561735261401246,1067.1400146484375,1070.739990234375,952.9199829101562,989.8200073242188,29981510000,-7.24553538081798
2002-07,2002-07-01,180.1,0.11117287381878782,989.8200073242188,994.4600219726562,775.6799926757812,911.6199951171876,42228720000,-7.9004275149407555
2002-08,2002-08-01,180.7,0.3331482509716821,911.6199951171876,965.0,833.4400024414062,916.0700073242188,29298400000,0.4881433306494154
2002-09,2002-09-01,181.0,0.16602102933038765,916.0700073242188,924.02001953125,800.2000122070312,815.280029296875,27723710000,-11.002431825242788
2002-10,2002-10-01,181.3,0.16574585635360517,815.280029296875,907.4400024414062,768.6300048828125,885.760009765625,37856310000,8.644880033371404
2002-11,2002-11-01,181.3,0.0,885.760009765625,941.8200073242188,872.0499877929688,936.3099975585938,29200960000,5.706962070498589
2002-12,2002-12-01,180.9,-0.22062879205736463,936.3099975585938,954.280029296875,869.4500122070312,879.8200073242188,25993640000,-6.033257188502883
2003-01,2003-01-01,181.7,0.44223327805417156,879.8200073242188,935.0499877929688,840.3400268554688,855.7000122070312,30749580000,-2.741469268304464
2003-02,2003-02-01,183.1,0.7705008255366019,855.7000122070312,864.6400146484375,806.2899780273438,841.1500244140625,25235300000,-1.700360825687175
2003-03,2003-03-01,184.2,0.6007646095030017,841.1500244140625,895.9000244140625,788.9000244140625,848.1799926757812,30080030000,0.8357567684332823
2003-04,2003-04-01,183.8,-0.21715526601518986,848.1799926757812,924.239990234375,847.8499755859375,916.9199829101562,29669610000,8.10441071800323
2003-05,2003-05-01,183.5,-0.16322089227421843,916.9199829101562,965.3800048828124,902.8300170898438,963.5900268554688,30952100000,5.0898709609522585
2003-06,2003-06-01,183.7,0.10899182561308063,963.5900268554688,1015.3300170898438,963.5900268554688,974.5,31219400000,1.1322214676852127
2003-07,2003-07-01,183.9,0.10887316276537717,974.5,1015.4099731445312,962.0999755859376,990.3099975585938,31553200000,1.6223701958536507
2003-08,2003-08-01,184.6,0.38064165307232223,990.3099975585938,1011.010009765625,960.8400268554688,1008.010009765625,24881470000,1.7873203593487874
2003-09,2003-09-01,185.2,0.3250270855904569,1008.010009765625,1040.2900390625,990.3599853515624,995.969970703125,29940110000,-1.1944364585525724
2003-10,2003-10-01,185.0,-0.10799136069113979,995.969970703125,1053.7900390625,995.969970703125,1050.7099609375,32298500000,5.496148663571665
2003-11,2003-11-01,184.5,-0.2702702702702675,1050.7099609375,1063.6500244140625,1031.199951171875,1058.199951171875,24463220000,0.7128504071372888
2003-12,2003-12-01,184.3,-0.10840108401083404,1058.199951171875,1112.56005859375,1053.4100341796875,1111.9200439453125,27839130000,5.076554077889206
2004-01,2004-01-01,185.2,0.48833423765597406,1111.9200439453125,1155.3800048828125,1105.0799560546875,1131.1300048828125,32820000000,1.7276386950755285
2004-02,2004-02-01,186.2,0.5399568034557323,1131.1300048828125,1158.97998046875,1124.43994140625,1144.93994140625,27985600000,1.220897373761054
2004-03,2004-03-01,187.4,0.6444683136412444,1144.93994140625,1163.22998046875,1087.1600341796875,1126.2099609375,33597900000,-1.635891961786684
2004-04,2004-04-01,188.0,0.32017075773744796,1126.2099609375,1150.5699462890625,1107.22998046875,1107.300048828125,31611900000,-1.6790751960348183
2004-05,2004-05-01,189.1,0.5851063829787284,1107.300048828125,1127.739990234375,1076.3199462890625,1120.6800537109375,29326400000,1.208345009735412
2004-06,2004-06-01,189.7,0.3172924378635589,1120.6800537109375,1146.3399658203125,1113.3199462890625,1140.8399658203125,27529500000,1.7988998771432563
2004-07,2004-07-01,189.4,-0.1581444385872377,1140.8399658203125,1140.8399658203125,1078.780029296875,1101.719970703125,29285600000,-3.4290519520026264
2004-08,2004-08-01,189.5,0.052798310454060804,1101.719970703125,1109.6800537109375,1060.719970703125,1104.239990234375,26586800000,0.22873503233691306
2004-09,2004-09-01,189.9,0.21108179419524475,1104.239990234375,1131.5400390625,1099.1800537109375,1114.5799560546875,26829870000,0.9363875526838816
2004-10,2004-10-01,190.9,0.526592943654558,1114.5799560546875,1142.050048828125,1090.2900390625,1130.199951171875,31511000000,1.4014243690939843
2004-11,2004-11-01,191.0,0.05238344683080598,1130.199951171875,1188.4599609375,1127.5999755859375,1173.8199462890625,30460280000,3.859493629597055
2004-12,2004-12-01,190.3,-0.3664921465968529,1173.780029296875,1217.3299560546875,1173.780029296875,1211.9200439453125,31102500000,3.245821284320516
2005-01,2005-01-01,190.7,0.21019442984759884,1211.9200439453125,1217.800048828125,1163.75,1181.27001953125,31498800000,-2.529046744229402
2005-02,2005-02-01,191.8,0.5768222338752071,1181.27001953125,1212.43994140625,1180.949951171875,1203.5999755859375,29297410000,1.8903346132113308
2005-03,2005-03-01,193.3,0.7820646506777829,1203.5999755859375,1229.1099853515625,1163.68994140625,1180.5899658203125,39014150000,-1.911765556028966
2005-04,2005-04-01,194.6,0.6725297465079993,1180.5899658203125,1191.8800048828125,1136.1500244140625,1156.8499755859375,43424270000,-2.0108582083263493
2005-05,2005-05-01,194.4,-0.10277492291880241,1156.8499755859375,1199.56005859375,1146.1800537109375,1191.5,39321990000,2.995204663120865
2005-06,2005-06-01,194.5,0.051440329218110925,1191.5,1219.5899658203125,1188.300048828125,1191.3299560546875,40334040000,-0.014271417986777557
2005-07,2005-07-01,195.4,0.46272493573265017,1191.3299560546875,1245.1500244140625,1183.550048828125,1234.1800537109375,37464670000,3.596828690361842
2005-08,2005-08-01,196.4,0.5117707267144223,1234.1800537109375,1245.8599853515625,1201.0699462890625,1220.3299560546875,42030090000,-1.122210459860007
2005-09,2005-09-01,198.8,1.2219959266802416,1220.3299560546875,1243.1300048828125,1205.3499755859375,1228.81005859375,44777510000,0.694902431673361
2005-10,2005-10-01,199.2,0.2012072434607548,1228.81005859375,1233.3399658203125,1168.199951171875,1207.010009765625,49793790000,-1.7740779932313488
2005-11,2005-11-01,197.6,-0.8032128514056214,1207.010009765625,1270.6400146484375,1201.0699462890625,1249.47998046875,45102870000,3.5186096519093324
2005-12,2005-12-01,196.8,-0.4048582995951344,1249.47998046875,1275.800048828125,1246.5899658203125,1248.2900390625,41756130000,-0.09523493171964548
2006-01,2006-01-01,198.3,0.7621951219512146,1248.2900390625,1294.9000244140625,1245.739990234375,1280.0799560546875,49211650000,2.5466771341108085
2006-02,2006-02-01,198.7,0.20171457387794245,1280.0799560546875,1297.5699462890625,1253.6099853515625,1280.6600341796875,42859940000,0.04531577283561905
2006-03,2006-03-01,199.8,0.5535983895319729,1280.6600341796875,1310.8800048828125,1268.4200439453125,1294.8699951171875,50905040000,1.1095810408889628
2006-04,2006-04-01,201.5,0.8508508508508372,1302.8800048828125,1318.1600341796875,1280.739990234375,1310.6099853515625,43308430000,1.215565291784415
2006-05,2006-05-01,202.5,0.496277915632759,1310.6099853515625,1326.699951171875,1245.3399658203125,1270.0899658203125,54312830000,-3.0916916538203165
2006-06,2006-06-01,202.9,0.19753086419753707,1270.050048828125,1290.6800537109375,1219.2900390625,1270.199951171875,54873260000,0.008659650459597046
2006-07,2006-07-01,203.5,0.29571217348447476,1270.06005859375,1280.4200439453125,1224.5400390625,1276.6600341796875,46348220000,0.5085878803453348
2006-08,2006-08-01,203.9,0.19656019656020263,1278.530029296875,1306.739990234375,1261.300048828125,1303.8199462890625,50485620000,2.127419311502643
2006-09,2006-09-01,202.9,-0.49043648847474364,1303.800048828125,1340.280029296875,1290.9300537109375,1335.8499755859375,49001440000,2.4566297967782313
2006-10,2006-10-01,201.8,-0.5421389847215297,1335.8199462890625,1389.449951171875,1327.0999755859375,1377.93994140625,56793620000,3.1508003585395628
2006-11,2006-11-01,201.5,-0.14866204162538033,1377.760009765625,1407.8900146484375,1360.97998046875,1400.6300048828125,55343930000,1.6466656343095964
2006-12,2006-12-01,201.8,0.14888337468983437,1400.6300048828125,1431.81005859375,1385.9300537109375,1418.300048828125,47578780000,1.2615782814670462
2007-01,2007-01-01,202.416,0.30525272547075044,1418.030029296875,1441.6099853515625,1403.969970703125,1438.239990234375,56686200000,1.4059043023177953
2007-02,2007-02-01,203.499,0.5350367559876723,1437.9000244140625,1461.5699462890625,1389.4200439453125,1406.8199462890625,51844990000,-2.1846175991944383
2007-03,2007-03-01,205.352,0.9105695851085338,1406.800048828125,1438.8900146484375,1363.97998046875,1420.8599853515625,67622250000,0.9979982939206433
2007-04,2007-04-01,206.686,0.6496162686508988,1420.8299560546875,1498.02001953125,1416.3699951171875,1482.3699951171875,57032470000,4.3290690426759815
2007-05,2007-05-01,207.949,0.6110718674704696,1482.3699951171875,1535.56005859375,1476.699951171875,1530.6199951171875,64958050000,3.2549228707361655
2007-06,2007-06-01,208.352,0.19379751766057662,1530.6199951171875,1540.56005859375,1484.1800537109375,1503.3499755859375,65322800000,-1.781632254788501
2007-07,2007-07-01,208.299,-0.02543772078021922,1504.6600341796875,1555.9000244140625,1454.25,1455.27001953125,70337430000,-3.198187836198829
2007-08,2007-08-01,207.917,-0.18339022270870142,1455.1800537109375,1503.8900146484375,1370.5999755859375,1473.989990234375,91381760000,1.2863572018857905
2007-09,2007-09-01,208.49,0.2755907405358915,1473.9599609375,1538.739990234375,1439.2900390625,1526.75,57809700000,3.579400817860079
2007-10,2007-10-01,208.936,0.2139191328121237,1527.2900390625,1576.0899658203125,1489.56005859375,1549.3800048828125,76022580000,1.4822338223554832
2007-11,2007-11-01,210.177,0.5939617873415681,1545.7900390625,1545.7900390625,1406.0999755859375,1481.1400146484375,86246950000,-4.404341737941575
2007-12,2007-12-01,210.036,-0.0670863129647814,1479.6300048828125,1523.5699462890625,1435.6500244140625,1468.3599853515625,64821670000,-0.8628508561297932
2008-01,2008-01-01,211.08,0.4970576472604682,1467.969970703125,1471.77001953125,1270.050048828125,1378.550048828125,98475340000,-6.116343227776988
2008-02,2008-02-01,211.693,0.29041121849535667,1378.5999755859375,1396.02001953125,1316.75,1330.6300048828125,78536130000,-3.476119273728817
2008-03,2008-03-01,213.528,0.8668212930989627,1330.449951171875,1359.6800537109375,1256.97998046875,1322.699951171875,93189170000,-0.5959623397817415
2008-04,2008-04-01,214.823,0.6064778389719416,1326.4100341796875,1404.5699462890625,1324.3499755859375,1385.5899658203125,85978630000,4.75466976412291
2008-05,2008-05-01,216.632,0.8420886031756281,1385.969970703125,1440.239990234375,1373.0699462890625,1400.3800048828125,80990480000,1.067418170406853
2008-06,2008-06-01,218.815,1.0076996934894167,1399.6199951171875,1404.050048828125,1272.0,1280.0,96614040000,-8.596238482631446
2008-07,2008-07-01,219.964,0.5251011128121874,1276.68994140625,1292.1700439453125,1200.43994140625,1267.3800048828125,124980570000,-0.9859371185302779
2008-08,2008-08-01,219.086,-0.39915622556417896,1269.4200439453125,1313.1500244140625,1247.449951171875,1282.8299560546875,86266010000,1.2190464669121548
2008-09,2008-09-01,218.783,-0.13830185406644713,1287.8299560546875,1303.0400390625,1106.4200439453125,1166.3599853515625,140007320000,-9.079143354379216
2008-10,2008-10-01,216.573,-1.010133328457874,1164.1700439453125,1167.030029296875,839.7999877929688,968.75,159823030000,-16.942452401777075
2008-11,2008-11-01,212.425,-1.9152895328595876,968.6699829101562,1007.510009765625,741.02001953125,896.239990234375,115660210000,-7.484904233870971
2008-12,2008-12-01,210.228,-1.0342473814287434,888.6099853515625,918.8499755859376,815.6900024414062,903.25,112884470000,0.7821576633499472
2009-01,2009-01-01,211.143,0.4352417375421025,902.989990234375,943.8499755859376,804.2999877929688,825.8800048828125,112090640000,-8.565734305805428
2009-02,2009-02-01,212.193,0.49729330359047363,823.0900268554688,875.010009765625,734.52001953125,735.0900268554688,124492210000,-10.993119762019942
2009-03,2009-03-01,212.709,0.24317484554154944,729.5700073242188,832.97998046875,666.7899780273438,797.8699951171875,161843640000,8.540446199532292
2009-04,2009-04-01,213.24,0.2496368277788097,793.5900268554688,888.7000122070312,783.3200073242188,872.8099975585938,138855320000,9.392507914826332
2009-05,2009-05-01,213.856,0.2888763834177466,872.739990234375,930.1699829101562,866.0999755859375,919.1400146484376,131614940000,5.308144638516654
2009-06,2009-06-01,215.693,0.8589892263953347,923.260009765625,956.22998046875,888.8599853515625,919.3200073242188,112653150000,0.019582726560973818
2009-07,2009-07-01,215.351,-0.15855869221532704,920.8200073242188,996.6799926757812,869.3200073242188,987.47998046875,106635790000,7.414172714778422
2009-08,2009-08-01,215.834,0.2242850044810618,990.219970703125,1039.469970703125,978.510009765625,1020.6199951171876,116059270000,3.356018886854417
2009-09,2009-09-01,215.969,0.06254806934959944,1019.52001953125,1080.1500244140625,991.969970703125,1057.0799560546875,112295490000,3.5723345723119637
2009-10,2009-10-01,216.177,0.0963101185818438,1054.9100341796875,1101.3599853515625,1019.9500122070312,1036.18994140625,113410990000,-1.9762000526814205
2009-11,2009-11-01,216.33,0.07077533687673832,1036.1800537109375,1113.68994140625,1029.3800048828125,1095.6300048828125,84981530000,5.736406145372763
2009-12,2009-12-01,215.949,-0.1761198169463296,1098.8900146484375,1130.3800048828125,1085.8900146484375,1115.0999755859375,89515330000,1.7770570919338313
2010-01,2010-01-01,216.687,0.34174735701484327,1116.56005859375,1150.449951171875,1071.5899658203125,1073.8699951171875,90947580000,-3.6974245692262153
2010-02,2010-02-01,216.741,0.024920738207656612,1073.8900146484375,1112.4200439453125,1044.5,1104.489990234375,84561340000,2.8513689046546054
2010-03,2010-03-01,217.631,0.4106283536571276,1105.3599853515625,1180.68994140625,1105.3599853515625,1169.4300537109375,103683550000,5.8796425545497355
2010-04,2010-04-01,218.009,0.1736884910697345,1171.22998046875,1219.800048828125,1170.68994140625,1186.68994140625,116741910000,1.4759230482012997
2010-05,2010-05-01,218.178,0.0775197354237811,1188.5799560546875,1205.1300048828125,1040.780029296875,1089.4100341796875,127662780000,-8.197584207319053
2010-06,2010-06-01,217.965,-0.09762670846739097,1087.300048828125,1131.22998046875,1028.3299560546875,1030.7099609375,110106750000,-5.388244223983851
2010-07,2010-07-01,218.011,0.02110430573716293,1031.0999755859375,1120.949951171875,1010.9099731445312,1101.5999755859375,94778110000,6.8777849574635175
2010-08,2010-08-01,218.312,0.13806642784079948,1107.530029296875,1129.239990234375,1039.699951171875,1049.3299560546875,85738250000,-4.744918363260475
2010-09,2010-09-01,218.439,0.058173623071566816,1049.719970703125,1157.1600341796875,1049.719970703125,1141.199951171875,79589450000,8.755110305113556
2010-10,2010-10-01,218.711,0.12451988884769616,1143.489990234375,1196.1400146484375,1131.8699951171875,1183.260009765625,89536270000,3.685599403554063
2010-11,2010-11-01,218.803,0.04206464238194485,1185.7099609375,1227.0799560546875,1173.0,1180.550048828125,87151070000,-0.22902497465766558
2010-12,2010-12-01,219.179,0.1718440789203024,1186.5999755859375,1262.5999755859375,1186.5999755859375,1257.6400146484375,80984530000,6.530004034715509
2011-01,2011-01-01,220.223,0.47632300539741657,1257.6199951171875,1302.6700439453125,1257.6199951171875,1286.1199951171875,92164940000,2.2645574359139164
2011-02,2011-02-01,221.309,0.49313650254514396,1289.1400146484375,1344.0699462890625,1289.1400146484375,1327.219970703125,59223660000,3.1956563728093412
2011-03,2011-03-01,223.467,0.97510720305094,1328.6400146484375,1332.280029296875,1249.050048828125,1325.8299560546875,89507640000,-0.10473129391664893
2011-04,2011-04-01,224.906,0.6439429535457064,1329.47998046875,1364.56005859375,1294.699951171875,1363.6099853515625,77364810000,2.8495380666536008
2011-05,2011-05-01,225.964,0.4704187527233561,1365.2099609375,1370.5799560546875,1311.800048828125,1345.199951171875,81708980000,-1.350095289522324
2011-06,2011-06-01,225.722,-0.10709670566992902,1345.199951171875,1345.199951171875,1258.0699462890625,1320.6400146484375,86122730000,-1.8257461652479323
2011-07,2011-07-01,225.922,0.08860456667936223,1320.6400146484375,1356.47998046875,1282.8599853515625,1292.280029296875,81102170000,-2.147442530666621
2011-08,2011-08-01,226.545,0.27575889023645495,1292.5899658203125,1307.3800048828125,1101.5400390625,1218.8900146484375,108419170000,-5.679110795232889
2011-09,2011-09-01,226.889,0.15184621156945077,1219.1199951171875,1229.2900390625,1114.219970703125,1131.4200439453125,102786820000,-7.1761988080896515
2011-10,2011-10-01,226.421,-0.20626826333582926,1131.2099609375,1292.6600341796875,1074.77001953125,1253.300048828125,98063670000,10.772303843744147
2011-11,2011-11-01,226.23,-0.08435613304419443,1251.0,1277.550048828125,1158.6600341796875,1246.9599609375,84275050000,-0.5058715107011391
2011-12,2011-12-01,225.672,-0.24665163771382392,1246.9100341796875,1269.3699951171875,1202.3699951171875,1257.5999755859375,74742430000,0.8532763666636134
2012-01,2012-01-01,226.665,0.44001914282676413,1258.8599853515625,1333.469970703125,1258.8599853515625,1312.4100341796875,79567560000,4.358306270498535
2012-02,2012-02-01,227.663,0.4402973551276279,1312.449951171875,1378.0400390625,1312.449951171875,1365.6800537109375,78385710000,4.058946376811723
2012-03,2012-03-01,229.392,0.7594558623930991,1365.9000244140625,1419.1500244140625,1340.030029296875,1408.469970703125,83899660000,3.133231453144192
2012-04,2012-04-01,230.085,0.30210295040804525,1408.469970703125,1422.3800048828125,1357.3800048828125,1397.9100341796875,74761710000,-0.7497452372495994
2012-05,2012-05-01,229.815,-0.11734793663211729,1397.8599853515625,1415.3199462890625,1291.97998046875,1310.3299560546875,86920490000,-6.2650725714543665
2012-06,2012-06-01,229.478,-0.14663968844504938,1309.8699951171875,1363.4599609375,1266.739990234375,1362.1600341796875,81582440000,3.955498222833631
2012-07,2012-07-01,229.104,-0.16297858618254946,1362.3299560546875,1391.739990234375,1325.4100341796875,1379.3199462890625,73103810000,1.259757420478791
2012-08,2012-08-01,230.379,0.5565158181437102,1379.3199462890625,1426.6800537109375,1354.6500244140625,1406.5799560546875,70283810000,1.9763369506085704
2012-09,2012-09-01,231.407,0.4462212267611232,1406.5400390625,1474.510009765625,1396.56005859375,1440.6700439453125,69784280000,2.4236153617775313
2012-10,2012-10-01,231.317,-0.038892514055322014,1440.9000244140625,1470.9599609375,1403.280029296875,1412.1600341796875,71752320000,-1.9789409716293949
2012-11,2012-11-01,230.221,-0.473808669488196,1412.199951171875,1434.27001953125,1343.3499755859375,1416.1800537109375,71489310000,0.28467166850427716
2012-12,2012-12-01,229.601,-0.2693064490207231,1416.3399658203125,1448.0,1398.1099853515625,1426.18994140625,66388180000,0.7068230956284616
2013-01,2013-01-01,230.28,0.2957304192926058,1426.18994140625,1509.93994140625,1426.18994140625,1498.1099853515625,75848510000,5.0428096466868855
2013-02,2013-02-01,232.166,0.8190029529268728,1498.1099853515625,1530.93994140625,1485.010009765625,1514.6800537109375,69273480000,1.1060648765041536
2013-03,2013-03-01,232.773,0.26145085843749527,1514.6800537109375,1570.280029296875,1501.47998046875,1569.18994140625,68527110000,3.5987723982872977
2013-04,2013-04-01,232.531,-0.10396394770870732,1569.1800537109375,1597.5699462890625,1536.030029296875,1597.5699462890625,77098000000,1.8085767779890016
2013-05,2013-05-01,232.945,0.17804077735872337,1597.550048828125,1687.1800537109375,1581.280029296875,1630.739990234375,76447250000,2.0762811683057825
2013-06,2013-06-01,233.504,0.2399708085599528,1631.7099609375,1654.18994140625,1560.3299560546875,1606.280029296875,74946790000,-1.4999301595580827
2013-07,2013-07-01,233.596,0.03939975332329926,1609.780029296875,1698.780029296875,1604.5699462890625,1685.72998046875,68106820000,4.946207991308538
2013-08,2013-08-01,233.877,0.12029315570472043,1689.4200439453125,1709.6700439453125,1627.469970703125,1632.969970703125,64802810000,-3.1298019479343964
2013-09,2013-09-01,234.149,0.11630044852635191,1635.949951171875,1729.8599853515625,1633.4100341796875,1681.550048828125,66174410000,2.974952325919533
2013-10,2013-10-01,233.546,-0.2575283259804717,1682.4100341796875,1775.219970703125,1646.469970703125,1756.5400390625,76647400000,4.459575276194472
2013-11,2013-11-01,233.069,-0.2042424190523473,1758.699951171875,1813.550048828125,1746.199951171875,1805.81005859375,63628190000,2.8049471367328715
2013-12,2013-12-01,233.049,-0.00858114978825597,1806.550048828125,1849.43994140625,1767.989990234375,1848.3599853515625,64958820000,2.3562791975445974
2014-01,2014-01-01,233.916,0.3720247673236088,1845.8599853515625,1850.8399658203125,1770.449951171875,1782.5899658203125,75871910000,-3.5582905955811595
2014-02,2014-02-01,234.781,0.3697908650968751,1782.6800537109375,1867.9200439453125,1737.9200439453125,1859.449951171875,69725590000,4.31170301781616
2014-03,2014-03-01,236.293,0.6440044126228228,1857.6800537109373,1883.969970703125,1834.43994140625,1872.3399658203125,71885030000,0.6932165418227054
2014-04,2014-04-01,237.072,0.3296754453157691,1873.9599609375,1897.280029296875,1814.3599853515625,1883.949951171875,71595810000,0.6200789153414155
2014-05,2014-05-01,237.9,0.34926098400485106,1884.3900146484373,1924.030029296875,1859.7900390625,1923.5699462890625,63623630000,2.103028007328045
2014-06,2014-06-01,238.343,0.18621269440941557,1923.8699951171875,1968.1700439453125,1915.97998046875,1960.22998046875,63283380000,1.9058331749470137
2014-07,2014-07-01,238.25,-0.03901939641608454,1962.2900390625,1991.3900146484373,1930.6700439453125,1930.6700439453125,66524690000,-1.5079830845342368
2014-08,2014-08-01,237.852,-0.1670514165792225,1929.800048828125,2005.0400390625,1904.780029296875,2003.3699951171875,58131140000,3.7655295579825276
2014-09,2014-09-01,238.031,0.07525688243108508,2004.0699462890625,2019.260009765625,1964.0400390625,1972.2900390625,66706000000,-1.5513837249453988
2014-10,2014-10-01,237.433,-0.251227781255392,1971.43994140625,2018.18994140625,1820.6600341796875,2018.050048828125,93714040000,2.3201460667203078
2014-11,2014-11-01,236.151,-0.5399417941061246,2018.2099609375,2075.760009765625,2001.010009765625,2067.56005859375,63600190000,2.453358864631494
2014-12,2014-12-01,234.812,-0.5670100910010967,2065.780029296875,2093.550048828125,1972.56005859375,2058.89990234375,80743820000,-0.4188587515997044
2015-01,2015-01-01,233.707,-0.4705892373473297,2058.89990234375,2072.360107421875,1988.1199951171875,1994.989990234375,77330040000,-3.1040805838410623
2015-02,2015-02-01,234.722,0.43430449237722435,1996.6700439453125,2119.590087890625,1980.9000244140625,2104.5,68775560000,5.48925108906233
2015-03,2015-03-01,236.119,0.595172161109736,2105.22998046875,2117.52001953125,2039.68994140625,2067.889892578125,76675850000,-1.7396107114219572
2015-04,2015-04-01,236.599,0.2032873254587786,2067.6298828125,2125.919921875,2048.3798828125,2085.510009765625,72060940000,0.8520819822535275
2015-05,2015-05-01,237.805,0.5097232025494725,2087.3798828125,2134.719970703125,2067.929931640625,2107.389892578125,65187730000,1.0491382304589791
2015-06,2015-06-01,238.638,0.3502869998528224,2108.639892578125,2129.8701171875,2056.320068359375,2063.110107421875,73213980000,-2.1011671979729973
2015-07,2015-07-01,238.654,0.0067047159295619,2067.0,2132.820068359375,2044.02001953125,2103.840087890625,77920590000,1.9742029435184882
2015-08,2015-08-01,238.316,-0.14162762828194841,2104.489990234375,2112.659912109375,1867.010009765625,1972.1800537109373,84626790000,-6.2580818255865704
2015-09,2015-09-01,237.945,-0.15567565753034085,1970.0899658203125,2020.8599853515625,1871.9100341796875,1920.030029296875,79989370000,-2.6442831280001355
2015-10,2015-10-01,237.838,-0.044968375044651676,1919.6500244140625,2094.320068359375,1893.699951171875,2079.360107421875,85844900000,8.298311781266655
2015-11,2015-11-01,237.336,-0.21106803790814643,2080.760009765625,2116.47998046875,2019.3900146484373,2080.409912109375,75943590000,0.050486911033487125
2015-12,2015-12-01,236.525,-0.34170964371187385,2082.929931640625,2104.27001953125,1993.260009765625,2043.93994140625,83649260000,-1.7530185032692547
2016-01,2016-01-01,236.916,0.16531022090686687,2038.199951171875,2038.199951171875,1812.2900390625,1940.239990234375,92409770000,-5.07353220469523
2016-02,2016-02-01,237.111,0.0823076533454925,1936.93994140625,1962.9599609375,1810.0999755859373,1932.22998046875,93049560000,-0.41283603090035426
2016-03,2016-03-01,238.132,0.4306000143392774,1937.0899658203125,2072.2099609375,1937.0899658203125,2059.739990234375,92639420000,6.599111444005845
2016-04,2016-04-01,239.261,0.4741067979104008,2056.6201171875,2111.050048828125,2033.800048828125,2065.300048828125,81124990000,0.26993982833325436
2016-05,2016-05-01,240.229,0.4045790998115084,2067.169921875,2103.47998046875,2025.9100341796875,2096.949951171875,78883600000,1.5324602525288444
2016-06,2016-06-01,241.018,0.32843661672818936,2093.93994140625,2120.550048828125,1991.6800537109373,2098.860107421875,86852700000,0.09109212401243738
2016-07,2016-07-01,240.628,-0.1618136404749948,2099.340087890625,2177.090087890625,2074.02001953125,2173.60009765625,69530250000,3.5609800753315435
2016-08,2016-08-01,240.849,0.09184301078843937,2173.14990234375,2193.81005859375,2147.580078125,2170.949951171875,75610310000,-0.12192428990193127
2016-09,2016-09-01,241.428,0.2403995864628916,2171.330078125,2187.8701171875,2119.1201171875,2168.27001953125,77023620000,-0.12344511393173052
2016-10,2016-10-01,241.729,0.12467485130143174,2164.330078125,2169.60009765625,2114.719970703125,2126.14990234375,72915530000,-1.942567890903446
2016-11,2016-11-01,241.353,-0.15554608673349346,2128.679931640625,2214.10009765625,2083.7900390625,2198.81005859375,88445380000,3.4174521829295035
2016-12,2016-12-01,241.432,0.03273213923173923,2200.169921875,2277.530029296875,2187.43994140625,2238.830078125,75344550000,1.8200762441865859
2017-01,2017-01-01,242.839,0.5827727890254764,2251.570068359375,2300.989990234375,2245.1298828125,2278.8701171875,70576420000,1.7884358198382522
2017-02,2017-02-01,243.603,0.3146117386416458,2285.590087890625,2371.5400390625,2271.64990234375,2363.639892578125,69260940000,3.719816006681631
2017-03,2017-03-01,243.801,0.08127978719472129,2380.1298828125,2400.97998046875,2322.25,2362.719970703125,81664010000,-0.03891971352694146
2017-04,2017-04-01,244.524,0.2965533365326678,2362.340087890625,2398.159912109375,2328.949951171875,2384.199951171875,65369860000,0.9091208748854607
2017-05,2017-05-01,244.733,0.08547218268963874,2388.5,2418.7099609375,2352.719970703125,2411.800048828125,79719460000,1.1576251246328662
2017-06,2017-06-01,244.955,0.09071110148610728,2415.64990234375,2453.820068359375,2405.699951171875,2423.409912109375,81078810000,0.4813775207812565
2017-07,2017-07-01,244.786,-0.06899226388520363,2431.389892578125,2484.0400390625,2407.699951171875,2470.300048828125,63348090000,1.9348826001101882
2017-08,2017-08-01,245.519,0.29944522971085963,2477.10009765625,2490.8701171875,2417.35009765625,2471.64990234375,70784900000,0.0546433019853243
2017-09,2017-09-01,246.819,0.5294905893230117,2474.419921875,2519.43994140625,2446.550048828125,2519.360107421875,66624120000,1.9302978562167672
2017-10,2017-10-01,246.663,-0.06320421037276924,2521.199951171875,2582.97998046875,2520.39990234375,2575.260009765625,71088550000,2.218813506615125
2017-11,2017-11-01,246.669,0.0024324685907517463,2583.2099609375,2657.739990234375,2557.449951171875,2647.580078125,73416960000,2.8082627806563343
2017-12,2017-12-01,246.524,-0.058783227726233456,2645.10009765625,2694.969970703125,2605.52001953125,2673.610107421875,65531700000,0.9831630594270502
2018-01,2018-01-01,247.867,0.5447745452775266,2683.72998046875,2872.8701171875,2682.360107421875,2823.81005859375,77318690000,5.617870412552817
2018-02,2018-02-01,248.991,0.45346899748657243,2816.449951171875,2835.9599609375,2532.68994140625,2713.830078125,79933970000,-3.89473718793677
2018-03,2018-03-01,249.554,0.2261125904149175,2715.219970703125,2801.89990234375,2585.889892578125,2640.8701171875,76803890000,-2.688449860055664
2018-04,2018-04-01,250.546,0.3975091563348965,2633.449951171875,2717.489990234375,2553.800048828125,2648.050048828125,70194700000,0.27187749953683227
2018-05,2018-05-01,251.588,0.4158916925434797,2642.9599609375,2742.239990234375,2594.6201171875,2705.27001953125,76011820000,2.16083418545836
2018-06,2018-06-01,251.989,0.1593875701543901,2718.699951171875,2791.469970703125,2691.989990234375,2718.3701171875,77891360000,0.48424362676078303
2018-07,2018-07-01,252.006,0.006746326228523891,2704.949951171875,2848.030029296875,2698.949951171875,2816.2900390625,64898300000,3.602155617289915
2018-08,2018-08-01,252.146,0.055554232835719475,2821.169921875,2916.5,2796.340087890625,2901.52001953125,69523070000,3.0263211276748248
2018-09,2018-09-01,252.439,0.11620251758901468,2896.9599609375,2940.909912109375,2864.1201171875,2913.97998046875,63031510000,0.42942874264617625
2018-10,2018-10-01,252.885,0.1766763455725906,2926.2900390625,2939.860107421875,2603.5400390625,2711.739990234375,91930980000,-6.94033560936963
2018-11,2018-11-01,252.038,-0.3349348518100981,2717.580078125,2815.14990234375,2631.090087890625,2760.169921875,80620020000,1.7859356654779779
2018-12,2018-12-01,251.233,-0.31939628151310684,2790.5,2800.179931640625,2346.580078125,2506.85009765625,84162180000,-9.177689467997252
2019-01,2019-01-01,251.712,0.19065966652469513,2476.9599609375,2708.949951171875,2443.9599609375,2704.10009765625,80859870000,7.868440166582613
2019-02,2019-02-01,252.776,0.4227053140096748,2702.320068359375,2813.489990234375,2681.830078125,2784.489990234375,70638770000,2.9728889343927145
2019-03,2019-03-01,254.202,0.5641358356806014,2798.219970703125,2860.31005859375,2722.27001953125,2834.39990234375,79159660000,1.7924256249588488
2019-04,2019-04-01,255.548,0.5295001612890538,2848.6298828125,2949.52001953125,2848.6298828125,2945.830078125,70090370000,3.9313498313737982
2019-05,2019-05-01,256.092,0.21287585893843275,2952.330078125,2954.1298828125,2750.52001953125,2752.06005859375,77250740000,-6.57777313668354
2019-06,2019-06-01,256.143,0.019914718148150712,2751.530029296875,2964.14990234375,2728.81005859375,2941.760009765625,71250630000,6.89301639982407
2019-07,2019-07-01,256.571,0.16709416224534035,2971.409912109375,3027.97998046875,2952.219970703125,2980.3798828125,70599470000,1.3128152166957952
2019-08,2019-08-01,256.558,-0.005066823608290694,2980.320068359375,3013.590087890625,2822.1201171875,2926.4599609375,80269220000,-1.8091627240523933
2019-09,2019-09-01,256.759,0.07834485769300237,2909.010009765625,3021.989990234375,2891.85009765625,2976.739990234375,74178980000,1.7181177931020697
2019-10,2019-10-01,257.346,0.22861905522297832,2983.68994140625,3050.10009765625,2855.93994140625,3037.56005859375,77720640000,2.0431770513684056
2019-11,2019-11-01,257.208,-0.053624303466914824,3050.719970703125,3154.260009765625,3050.719970703125,3140.97998046875,72410620000,3.4047037714499906
2019-12,2019-12-01,256.974,-0.09097695250538385,3143.85009765625,3247.929931640625,3070.330078125,3230.780029296875,72325540000,2.858981890573009
2020-01,2020-01-01,257.971,0.3879769937814803,3244.669921875,3337.77001953125,3214.639892578125,3225.52001953125,77287980000,-0.16280928190489652
2020-02,2020-02-01,258.678,0.2740618131495287,3235.659912109375,3393.52001953125,2855.840087890625,2954.219970703125,84436590000,-8.411048363840312
2020-03,2020-03-01,258.115,-0.21764510317846542,2974.280029296875,3136.719970703125,2191.860107421875,2584.590087890625,162185380000,-12.511928240892821
2020-04,2020-04-01,256.389,-0.6686941866997254,2498.080078125,2954.860107421875,2447.489990234375,2912.429931640625,123608160000,12.68440381652789
2020-05,2020-05-01,256.394,0.0019501616683959,2869.090087890625,3068.669921875,2766.639892578125,3044.31005859375,107135190000,4.528181966555822
2020-06,2020-06-01,257.797,0.5472046927775365,3038.780029296875,3233.1298828125,2965.659912109375,3100.2900390625,131458880000,1.838839651392421
2020-07,2020-07-01,259.101,0.5058243501669724,3105.919921875,3279.989990234375,3101.169921875,3271.1201171875,96928130000,5.510132148044367
2020-08,2020-08-01,259.918,0.31532105240814623,3288.260009765625,3514.77001953125,3284.530029296875,3500.31005859375,82466520000,7.006466690171775
2020-09,2020-09-01,260.28,0.13927469432666317,3507.43994140625,3588.110107421875,3209.449951171875,3363.0,92310780000,-3.9227970178423055
2020-10,2020-10-01,260.388,0.04149377593360981,3385.8701171875,3549.85009765625,3233.93994140625,3269.9599609375,89938980000,-2.766578622137972
2020-11,2020-11-01,260.229,-0.061062721784410634,3296.199951171875,3645.989990234375,3279.739990234375,3621.6298828125,101247180000,10.75456354438591
2020-12,2020-12-01,260.474,0.09414784670425114,3645.8701171875,3760.199951171875,3633.39990234375,3756.070068359375,96375680000,3.712145909357001
2021-01,2021-01-01,261.582,0.42537834870275404,3764.610107421875,3870.89990234375,3662.7099609375,3714.239990234375,106117800000,-1.1136660755445171
2021-02,2021-02-01,263.014,0.5474382793923205,3731.169921875,3950.429931640625,3725.6201171875,3811.14990234375,99082320000,2.6091451377448394
2021-03,2021-03-01,264.877,0.7083273133749568,3842.510009765625,3994.409912109375,3723.340087890625,3972.889892578125,122371150000,4.2438632533165155
2021-04,2021-04-01,267.054,0.8218909154060094,3992.780029296875,4218.77978515625,3992.780029296875,4181.169921875,83124090000,5.242532134755851
2021-05,2021-05-01,269.195,0.8017105154762838,4191.97998046875,4238.0400390625,4056.8798828125,4204.10986328125,88321860000,0.548648867060697
2021-06,2021-06-01,271.696,0.929066290235725,4216.52001953125,4302.43017578125,4164.39990234375,4297.5,102544180000,2.2214009565834747
2021-07,2021-07-01,273.003,0.4810523526293853,4300.72998046875,4429.97021484375,4233.1298828125,4395.259765625,84255620000,2.274805482838871
2021-08,2021-08-01,273.567,0.206591136361145,4406.85986328125,4537.35986328125,4367.72998046875,4522.68017578125,80500760000,2.8990416255438634
2021-09,2021-09-01,274.31,0.2715970859058281,4528.7998046875,4545.85009765625,4305.91015625,4307.5400390625,85528860000,-4.75691688019011
2021-10,2021-10-01,276.589,0.8308118552003085,4317.16015625,4608.080078125,4278.93994140625,4605.3798828125,80253600000,6.914383640060651
2021-11,2021-11-01,277.948,0.4913427504347645,4610.6201171875,4743.830078125,4560.0,4567.0,88268840000,-0.8333706184746159
2021-12,2021-12-01,278.802,0.3072517161483601,4602.81982421875,4808.93017578125,4495.1201171875,4766.18017578125,92750180000,4.361291346206486
2022-01,2022-01-01,281.148,0.8414573783545265,4778.14013671875,4818.6201171875,4222.6201171875,4515.5498046875,95562890000,-5.258516502739385
2022-02,2022-02-01,283.716,0.9133979256476854,4519.56982421875,4595.31005859375,4114.64990234375,4373.93994140625,92667710000,-3.1360491945908286
2022-03,2022-03-01,287.504,1.3351379548562692,4363.14013671875,4637.2998046875,4157.8701171875,4530.41015625,123546260000,3.5773288371546252
2022-04,2022-04-01,289.109,0.5582531025655202,4540.31982421875,4593.4501953125,4124.27978515625,4131.93017578125,90367840000,-8.795671180434306
2022-05,2022-05-01,292.296,1.1023523999598828,4130.60986328125,4307.66015625,3810.320068359375,4132.14990234375,108860390000,0.005317770464463578
2022-06,2022-06-01,296.311,1.3736075758819855,4149.77978515625,4177.509765625,3636.8701171875,3785.3798828125,106116710000,-8.391999993382681
2022-07,2022-07-01,296.276,-0.011811913833770227,3781.0,4140.14990234375,3721.56005859375,4130.2900390625,81688320000,9.111639173021002
2022-08,2022-08-01,296.171,-0.03543992763505033,4112.3798828125,4325.27978515625,3954.530029296875,3955.0,92252350000,-4.244012827299837
2022-09,2022-09-01,296.808,0.21507845130008807,3936.72998046875,4119.27978515625,3584.1298828125,3585.6201171875,94241020000,-9.339567201327437
2022-10,2022-10-01,298.012,0.4056494434112379,3609.780029296875,3905.419921875,3491.580078125,3871.97998046875,95823760000,7.98634138370089
2022-11,2022-11-01,297.711,-0.10100264418881899,3901.7900390625,4080.110107421875,3698.14990234375,4080.110107421875,92671910000,5.375289335249311
2022-12,2022-12-01,296.797,-0.30700914645410693,4087.139892578125,4100.9599609375,3764.489990234375,3839.5,85249330000,-5.897147407473047
2023-01,2023-01-01,299.17,0.7995363834540026,3853.2900390625,4094.2099609375,3794.330078125,4076.60009765625,80763810000,6.17528578346791
2023-02,2023-02-01,300.84,0.5582110505732318,4070.070068359375,4195.43994140625,3943.080078125,3970.14990234375,80392280000,-2.611249393181858
2023-03,2023-03-01,301.836,0.33107299561230263,3963.340087890625,4110.75,3808.860107421875,4109.31005859375,113094800000,3.505161257710898
2023-04,2023-04-01,303.363,0.5059038683258521,4102.2001953125,4170.06005859375,4049.35009765625,4169.47998046875,70861260000,1.4642341662481018
2023-05,2023-05-01,304.127,0.25184350102023245,4166.7900390625,4231.10009765625,4048.280029296875,4179.830078125,85190040000,0.2482347368192972
2023-06,2023-06-01,305.109,0.3228914236486524,4183.02978515625,4458.47998046875,4171.64013671875,4450.3798828125,87983140000,6.472746490423464
2023-07,2023-07-01,305.691,0.19075150192227053,4450.47998046875,4607.06982421875,4385.0498046875,4588.9599609375,75063200000,3.113893235501086
2023-08,2023-08-01,307.026,0.4367155068353501,4578.830078125,4584.6201171875,4335.31005859375,4507.66015625,86840820000,-1.7716390070854016
2023-09,2023-09-01,307.789,0.24851315523766182,4530.60009765625,4541.25,4238.6298828125,4288.0498046875,73482980000,-4.871936746562488
2023-10,2023-10-01,307.671,-0.03833795229848391,4284.52001953125,4393.56982421875,4103.77978515625,4193.7998046875,83519460000,-2.197968873798295
2023-11,2023-11-01,307.051,-0.20151395484137025,4201.27001953125,4587.64013671875,4197.740234375,4567.7998046875,80970570000,8.917926878197013
2023-12,2023-12-01,306.746,-0.09933203278934544,4559.43017578125,4793.2998046875,4546.5,4769.830078125,81530670000,4.422923115636013
2024-01,2024-01-01,308.417,0.5447503797930464,4745.2001953125,4931.08984375,4682.10986328125,4845.64990234375,81737880000,1.5895707598991615
2024-02,2024-02-01,310.326,0.6189671775550742,4861.10986328125,5111.06005859375,4853.52001953125,5096.27001953125,82066930000,5.172064062372317
2024-03,2024-03-01,312.332,0.6464169937420605,5098.509765625,5264.85009765625,5056.81982421875,5254.35009765625,86299510000,3.1018779915342964
2024-04,2024-04-01,313.548,0.3893293034335388,5257.97021484375,5263.9501953125,4953.56005859375,5035.68994140625,81747170000,-4.161507173789869
2024-05,2024-05-01,314.069,0.1661627565795465,5029.02978515625,5341.8798828125,5011.0498046875,5277.509765625,86849720000,4.80211901511991
2024-06,2024-06-01,314.175,0.03375054526233434,5297.14990234375,5523.64013671875,5234.31982421875,5460.47998046875,76025620000,3.466980128308328
2024-07,2024-07-01,314.54,0.11617728972705965,5471.080078125,5669.669921875,5390.9501953125,5522.2998046875,80160390000,1.1321316887868749
2024-08,2024-08-01,314.796,0.08138869460163622,5537.83984375,5651.6201171875,5119.259765625,5648.39990234375,81097300000,2.2834706936630367
2024-09,2024-09-01,315.301,0.16042135224081377,5623.89013671875,5767.3701171875,5402.6201171875,5762.47998046875,79564830000,2.0196884090601275
2024-10,2024-10-01,315.664,0.11512808395786056,5757.72998046875,5878.4599609375,5674.0,5705.4501953125,82412430000,-0.9896743303151712
2024-11,2024-11-01,315.493,-0.05417152415225779,5723.22021484375,6044.169921875,5696.509765625,6032.3798828125,84101980000,5.7301295482098835
2024-12,2024-12-01,315.605,0.035499995245547034,6040.10986328125,6099.97021484375,5832.2998046875,5906.93994140625,82936550000,-2.0794436663986393
